Category,Subcategory,Name,250GM,500GM,1KG,PACK,PC,PCS
SWEETS,DRYFRUIT SWEETS,"KAJU KATLI",375,750,1500,,,
SWEETS,DRYFRUIT SWEETS,"SANGAM BARFI",375,750,1500,,,
SWEETS,DRYFRUIT SWEETS,"KAJU PISTA ROLL",420,840,1680,,,
SWEETS,DRYFRUIT SWEETS,"KAJU JALEBI",420,840,1680,,,
SWEETS,DRYFRUIT SWEETS,"KAJU SAMOSA",420,840,1680,,,
SWEETS,DRYFRUIT SWEETS,"ANJEER CAKE",420,840,1680,,,
SWEETS,DRYFRUIT SWEETS,"DIAMOND CAKE",420,840,1680,,,
SWEETS,DRYFRUIT SWEETS,"KHAJUR PAAK",420,840,1680,,,
SWEETS,DRYFRUIT SWEETS,"ANJEER PAAK",420,840,1680,,,
SWEETS,DRYFRUIT SWEETS,"KAJU BITES",420,840,1680,,,
SWEETS,DRYFRUIT SWEETS,"KAJU CHOCO BITES",420,840,1680,,,
SWEETS,DRYFRUIT SWEETS,"KAJU MANGO BITES",420,840,1680,,,
SWEETS,DRYFRUIT SWEETS,"KAJU ORANGE BITES",420,840,1680,,,
SWEETS,DRYFRUIT SWEETS,"ROSE BITES",420,840,1680,,,
SWEETS,DRYFRUIT SWEETS,"KACHHA AAM DELIGHT BITES",420,840,1680,,,
SWEETS,DRYFRUIT SWEETS,"CRANBERRY CRUNCH",420,840,1680,,,
SWEETS,DRYFRUIT SWEETS,"OREO CRUNCH",420,840,1680,,,
SWEETS,DRYFRUIT SWEETS,"PINEAPPLE CRUNSH",420,840,1680,,,
SWEETS,DRYFRUIT SWEETS,"MANGO CRUNCH",420,840,1680,,,
SWEETS,DRYFRUIT SWEETS,"MIXED FRUIT CRUNCH",420,840,1680,,,
SWEETS,DRYFRUIT SWEETS,"KESAR CRUNCH",420,840,1680,,,
SWEETS,DRYFRUIT SWEETS,"KIWI CRUNCH",420,840,1680,,,
SWEETS,DRYFRUIT SWEETS,"ORANGE CRUNCH",420,840,1680,,,
SWEETS,DRYFRUIT SWEETS,"STRAWBERRY CRUNCH",420,840,1680,,,
SWEETS,DRYFRUIT SWEETS,"KIWI DELIGHT",375,750,1500,,,
SWEETS,DRYFRUIT SWEETS,"MANGO DELIGHT",375,750,1500,,,
SWEETS,DRYFRUIT SWEETS,"STRAWBERRY DELIGHT",375,750,1500,,,
SWEETS,WINTER SPECIAL,"MOONG GOND LADDU",255,510,1020,,,
SWEETS,WINTER SPECIAL,"URAD GOND LADDU",255,510,1020,,,
SWEETS,WINTER SPECIAL,"KHOPRA DRYFURT LADDU",255,510,1020,,,
SWEETS,WINTER SPECIAL,"MAWA DRYFRUIT LADDU",255,510,1020,,,
SWEETS,WINTER SPECIAL,"KHAJUR DRYFURT LADDU",300,600,1200,,,
NAMKEEN,SEV,"RATLAMI SEV",140,280,560,,,
NAMKEEN,SEV,"LAUNG SEV",140,280,560,,,
NAMKEEN,SEV,"UJJAINI SEV",140,280,560,,,
NAMKEEN,SEV,"KADAK SEV",140,280,560,,,
NAMKEEN,SEV,"DOODH SEV",140,280,560,,,
NAMKEEN,SEV,"BARIK SEV",130,260,520,,,
NAMKEEN,SEV,"PODINA SEV",140,280,560,,,
NAMKEEN,SEV,"ZERO NO. SEV",130,260,520,,,
NAMKEEN,SEV,"TRIPLE LAUNG SEV",150,300,600,,,
NAMKEEN,SEV,"ALOO BHUJIYA",150,300,600,,,
NAMKEEN,SEV,"ALOO PINEAPPLE BHUJIA",150,300,600,,,
NAMKEEN,SEV,"ALOO PALAK BHUJIA",150,300,600,,,
NAMKEEN,SEV,"ALOO PODINA BHUJIA",150,300,600,,,
NAMKEEN,MIXTURE,"SPECIAL DRYFRUIT MIX",300,600,1200,,,
NAMKEEN,MIXTURE,"KHATTA MITHA MIX",140,280,560,,,
NAMKEEN,MIXTURE,"DALMOTH",140,280,560,,,
NAMKEEN,MIXTURE,"CORNFLAKES MIX (200GM)",,,560,112,,
NAMKEEN,MIXTURE,"KOTA MIX",140,280,560,,,
NAMKEEN,MIXTURE,"CHATPATA MIX",140,280,560,,,
NAMKEEN,MIXTURE,"MOONG MIX",140,280,560,,,
NAMKEEN,MIXTURE,"PUNJABI MIX",140,280,560,,,
NAMKEEN,MIXTURE,"RAJASTHANI MIX",130,260,520,,,
NAMKEEN,MIXTURE,"MADRASI MIX",140,280,560,,,
NAMKEEN,MIXTURE,"KAJU MIX",220,440,880,,,
NAMKEEN,MIXTURE,"DILLI MIX",220,440,880,,,
NAMKEEN,TIMEPASS,"MOGAR DAL",150,300,600,,,
NAMKEEN,TIMEPASS,"LAL CHANA",145,290,580,,,
NAMKEEN,TIMEPASS,"TASTY",140,280,560,,,
NAMKEEN,TIMEPASS,"CHANA MASALA DAL",140,280,560,,,
NAMKEEN,TIMEPASS,"CHAPTA CHANA",140,280,560,,,
NAMKEEN,TIMEPASS,"HEENG MOGAR",165,330,660,,,
NAMKEEN,TIMEPASS,"HARA MOONG",140,280,560,,,
NAMKEEN,TIMEPASS,"HARA CHANA",140,280,560,,,
NAMKEEN,TIMEPASS,"DHANIYA DAL",140,280,560,,,
NAMKEEN,TIMEPASS,"FIKI NUKTI",130,260,520,,,
NAMKEEN,TIMEPASS,"CHARKI NUKTI",130,260,520,,,
NAMKEEN,TIMEPASS,"FIKI PAPDI",140,280,560,,,
NAMKEEN,TIMEPASS,"CHARKI PAPDI",140,280,560,,,
NAMKEEN,TIMEPASS,"DISCO PAPAD (200GM)",,,560,112,,
NAMKEEN,FALAHAARI,"ALU WAFERS (200)",,,550,110,,
NAMKEEN,FALAHAARI,"ALU CHIVDA",150,300,600,,,
NAMKEEN,FALAHAARI,"SABUDANA FALAHAARI",140,280,560,,,
NAMKEEN,FALAHAARI,"CHARKA FALAHAARI",150,300,600,,,
NAMKEEN,FALAHAARI,"ALU STICK RED (200)",150,300,600,120,,
NAMKEEN,FALAHAARI,"RAJGIRA SEV",150,300,600,,,
NAMKEEN,FALAHAARI,"RAJGIRA SABUDANA MIX",150,300,600,,,
NAMKEEN,FALAHAARI,"RAJGIRA BHUJIYA",150,300,600,,,
NAMKEEN,FALAHAARI,"SPECIAL FALAHAARI MIXTURE",220,440,880,,,
NAMKEEN,FALAHAARI,"DRY KHICHDI (200GM)",150,300,600,120,,
NAMKEEN,FALAHAARI,"FLAHAARI DANE",150,300,600,,,
NAMKEEN,FALAHAARI,"BADAM LACHA",220,440,880,,,
NAMKEEN,FALAHAARI,"CHATORA (70GM)",,,,50,,
NAMKEEN,FALAHAARI,"FALAHAARI KAPPA WAFFERS (MASALA) 100GM",,,,120,,
NAMKEEN,FALAHAARI,"FALAHAARI KAPPA WAFFERS (KALI MIRCH) 100GM",,,,120,,
NAMKEEN,FALAHAARI,"FALAHAARI KAPPA WAFFERS (PODINA) 100GM",,,,120,,
NAMKEEN,FALAHAARI,"BANANA WAFFERS (100GM)",,,,120,,
NAMKEEN,FALAHAARI,"BANANA WAFFERS (200GM)",,,,240,,
NAMKEEN,MATHRI,"MINI KACHORI",150,300,600,,,
NAMKEEN,MATHRI,"MINI SAMOSA",150,300,600,,,
NAMKEEN,MATHRI,"MINI KARELA",150,300,600,,,
NAMKEEN,MATHRI,"GOL MATHRI",140,280,560,,,
NAMKEEN,MATHRI,"METHI MATHRI",140,280,560,,,
NAMKEEN,MATHRI,"NAMAK PARA",140,280,560,,,
NAMKEEN,MATHRI,"KALI MIRCH PARA",140,280,560,,,
NAMKEEN,MATHRI,"SANKHE",140,280,560,,,
NAMKEEN,MATHRI,"SHAKKAR PARA",140,280,560,,,
NAMKEEN,MATHRI,"MAIDA KAJU",140,280,560,,,
NAMKEEN,MATHRI,"PALAK KATLAS",140,280,560,,,
NAMKEEN,MATHRI,"METHI KATLAS",140,280,560,,,
NAMKEEN,MATHRI,"BHAKAR WADI",145,290,580,,,
NAMKEEN,MATHRI,"RASSIBAL",145,290,580,,,
NAMKEEN,MATHRI,"MAIDA LOVELY",140,280,560,,,
NAMKEEN,MATHRI,"FALAHARI MATHRI (400GM)",,,600,240,,
NAMKEEN,MATHRI,"KHASTA MATHRI (400GM)",,,400,160,,
TEA TIME BITES,,"AJWAIN KHARI",,,,160,,
TEA TIME BITES,,"BUTTER KHARI",,,,160,,
TEA TIME BITES,,"SWEET HEART KHARI",,,,160,,
TEA TIME BITES,,"SUJI TOAST",,,,140,,
TEA TIME BITES,,"CHERRY TOAST",,,,140,,
TEA TIME BITES,,"ATTA TOAST",,,,140,,
DRY CAKES,,"MUFFINS",,,,,30,
DRY CAKES,,"BROWNIE",,,,,80,
DRY CAKES,,"HONEY ALMOND DRY CAKE",,,,,300,
DRY CAKES,,"SLICE CAKE",,,,,30,
DRY CAKES,,"CREAM ROLL VANILLA",,,,,40,
DRY CAKES,,"CREAM ROLL CHOCOLATE",,,,,50,
COOKIES,,"COCONUT BADAM",240,480,960,,,
COOKIES,,"COCONUT COOKIES",200,400,800,,,
COOKIES,,"NANKHATAI",200,400,800,,,
COOKIES,,"JEERA BISCUIT",200,400,800,,,
COOKIES,,"AJWAIN BISCUIT",200,400,800,,,
COOKIES,,"ATTA BISCUIT",200,400,800,,,
COOKIES,,"CHOCO CHIPS",240,480,960,,,
COOKIES,,"TOOTI FRUITY BISCUIT",200,400,800,,,
COOKIES,,"KAJU COOKIES",300,600,1200,,,
COOKIES,,"BADAMIKA",300,600,1200,,,
COOKIES,,"KESAR PISTAMIKA",300,600,1200,,,
COOKIES,,"KAJU HONEY",300,600,1200,,,
COOKIES,,"ASSORTED COOKIES",220,440,880,,,
COOKIES,,"ALMOND BISCOTTI",300,600,1200,,,
COOKIES,,"JAM COOKIES",240,480,960,,,
COOKIES,,"ATTA NANKHATAI",240,480,960,,,
COOKIES,,"CASHEW FALAHAARI COOKIES",300,600,1200,,,
COOKIES,,"FALAHAARI ALMOND STICK",300,600,1200,,,
COOKIES,,"HONEY OATS COOKIES",300,600,1200,,,
GAJAK,SEASONAL,"MOONGFALI CHIKKI",,400,800,,,
GAJAK,SEASONAL,"GUD GAJAK",,440,880,,,
GAJAK,SEASONAL,"GUD ROLL",,440,880,,,
GAJAK,SEASONAL,"SHAKKAR GAJAK",,440,880,,,
GAJAK,SEASONAL,"TILL CHIKKI",,440,880,,,
GAJAK,SEASONAL,"TILL LADDU",,440,880,,,
GAJAK,SEASONAL,"MADRASI CHIKKI",,440,880,,,
GAJAK,SEASONAL,"MOONGFALI LADDU",,440,880,,,
GAJAK,SEASONAL,"TILL MOONGFALI CHIKKI",,440,880,,,
GAJAK,SEASONAL,"DRYFRUIT ROLL",,560,1120,,,
GAJAK,SEASONAL,"SOAN GAJAK",,560,1120,,,
GAJAK,SEASONAL,"DRYFRUIT SAMOSA",,560,1120,,,
GAJAK,SEASONAL,"CHOCOLATE GAJAK",,560,1120,,,
GAJAK,SEASONAL,"GAJAK BARFI",,560,1120,,,
GAJAK,SEASONAL,"KADAK PATTI",,560,1120,,,
GAJAK,SEASONAL,"REVDI",,320,640,,,
GAJAK,SEASONAL,"PEANUT REVDI",,320,640,,,
GIFTING,,"DRYFRUIT TRAY (GR10)",,,,1350,,
GIFTING,,"DRYFRUIT TRAY (GR6)",,,,1650,,
GIFTING,,"DRYFRUIT TRAY (GRS10)",,,,1350,,
GIFTING,,"DRYFRUIT TRAY (GRS12)",,,,1800,,
GIFTING,,"DRYFRUIT TRAY (GS4)",,,,1350,,
GIFTING,,"DRYFRUIT TRAY (GS5)",,,,1350,,
GIFTING,,"DRYFRUIT TRAY SILVER BIG",,,,2100,,
GIFTING,,"DRYFRUIT TRAY SILVER SMALL",,,,1650,,
GIFTING,,"DRYFRUIT BOX -2 JAR",,,,,,1200
GIFTING,,"DRYFRUIT BOX -3 JAR",,,,,,1500
GIFTING,,"DRYFRUIT BOX -4 JAR",,,,1800,,
GIFTING,,"HANDLE DRYFRUIT BOX-2 JAR",,,,1125,,
GIFTING,,"HANDLE DRYFRUIT BOX-3 JAR",,,,1500,,
GIFTING,,"HANDLE DRYFRUIT BOX-4 JAR",,,,1950,,
GIFTING,,"DRY FRUIT TOKRI",,,,1125,,
GIFTING,,"HANDLE BASKET HAMPER (BIG)",,,,2200,,
GIFTING,,"HANDLE BASKET HAMPER (MEDIUM)",,,,1500,,
GIFTING,,"HANDLE BASKET HAMPER (SMALL)",,,,1100,,
GIFTING,,"DRYFRUIT BOX 10*10",,,,900,,
GIFTING,,"DRYFRUIT BOX 10*16",,,,1350,,
GIFTING,,"DRYFRUIT BOX 13*19",,,,2025,,
GIFTING,,"DRYFRUIT BOX 8*8",,,,600,,
GIFTING,,"DRYFRUIT BOX 9*13",,,,825,,
GIFTING,,"SUNHAREY BITES BOX",,,,1200,,
GIFTING,,"SUNHAREY CHOCOLATE BOX",,,,600,,
GIFTING,,"SUNHAREY DRY FRUIT LADDU BOX",,,,1000,,